{"cameraMode":{"drawMode":0,"name":"Shaded","section":"Shading Mode"},"sceneLighting":true,"audioPlay":false,"sceneViewState":{"m_AlwaysRefresh":false,"showFog":true,"showSkybox":true,"showFlares":true,"showImageEffects":true,"showParticleSystems":true,"showVisualEffectGraphs":true,"m_FxEnabled":true},"in2DMode":false,"pivot":{"x":0.19719338417053224,"y":-16.56986427307129,"z":-1.0913808345794678},"rotation":{"x":-0.0575171560049057,"y":0.5808771252632141,"z":-0.041200023144483569,"w":-0.8109152913093567},"size":0.9630032181739807,"orthographic":false}